date,T_mean,T_min,T_max,T_numdays_belowzero,T_numdays_thaw,T_sum_thaw,P_sum,P_max,P_numdays_rain,P_numdays_snow,P_sum_rain,P_sum_snow,P_ratio_rain,P_numdays_rainonsnow,P_sum_rainonsnow,P_ratio_rainonsnow,PET_sum,Snowpack_mean,Snowpack_max,Snowpack_numdays,T_mean_1,T_sum_1,P_sum_1,PET_sum_1,T_mean_2,T_sum_2,P_sum_2,PET_sum_2,T_mean_3,T_sum_3,P_sum_3,PET_sum_3,T_mean_4,T_sum_4,P_sum_4,PET_sum_4,T_mean_5,T_sum_5,P_sum_5,PET_sum_5,T_mean_6,T_sum_6,P_sum_6,PET_sum_6,T_mean_7,T_sum_7,P_sum_7,PET_sum_7,T_mean_8,T_sum_8,P_sum_8,PET_sum_8,T_mean_9,T_sum_9,P_sum_9,PET_sum_9,T_mean_10,T_sum_10,P_sum_10,PET_sum_10,T_mean_11,T_sum_11,P_sum_11,PET_sum_11,T_mean_12,T_sum_12,P_sum_12,PET_sum_12
1980,-3.63874241611647,-37.62012388489834,24.723963942543666,209,18,88.19375287613752,1067.0511418450772,66.61476700937925,99,92,345.29285421799085,721.7582876270862,0.3235954123257226,11,69.77275476227871,0.06538838864052203,379.2005180437704,162.30619300930616,489.8985119386795,221,-23.51968925239871,-729.11036682436,147.6027129243718,0.0,-23.64015013145743,-685.5643538122654,122.57493753441403,0.0,-15.000005606353401,-465.00017379695544,41.48891412021068,0.0,-6.570113208396996,-197.10339625190988,112.27021231324272,5.8474055698765754,2.9299778623636583,90.82931373327341,82.17474940620329,39.09527141091246,11.929854311265204,357.8956293379561,73.48278325084488,85.88180905455658,17.859838063559014,553.6549799703295,2.0110019883814902,113.7816107172026,15.60002429161718,483.6007530401326,46.889325174899106,86.06743524154119,8.229874127973973,246.8962238392192,146.03946593408642,38.65318656923541,-1.7061309556025193e-05,-0.000528900596236781,23.144276668421696,9.873799480445557,-14.02984426441074,-420.8953279323222,145.44097618042753,0.0,-18.289757312939678,-566.98247670113,123.9317863495736,0.0
1981,-2.0465981695573285,-26.895850091330004,24.58488237027842,179,21,59.815133988001264,1246.1456434175839,91.83751004649488,114,82,646.3793049250811,599.7663384925028,0.5187028565556515,12,35.98772924683677,0.028879232084092172,386.3491204723576,122.92384715385612,335.03668904270677,198,-20.979500119029606,-650.3645036899178,30.371349190622645,0.0,-19.389759862786516,-542.9132761580224,59.835685302732045,0.0,-15.729894625970735,-487.62673340509275,8.687702147842163,0.3604260553623584,-1.5401968618275022,-46.20590585482506,57.20218052883355,15.260573246055706,5.729894644983841,177.6267339944991,68.26106628807064,51.88725233157063,11.640223048836068,349.20669146508203,17.21034682145709,84.27402793580038,15.52992529663952,481.4276841958251,93.98564974627436,102.29700581385393,13.470000551222547,417.570017087899,104.14941654623247,77.26982746295623,8.529898755843282,255.89696267529848,87.07845679862828,39.90721429443797,2.0401867144837196,63.2457881489953,323.87545076902836,14.407170706590811,-10.419612620987843,-312.5883786296353,100.43894071963335,0.52793947228216,-14.589787474791375,-452.28341171853265,295.04939855822914,0.15768315344738987
1982,-3.1375091035095024,-35.35128887438489,23.917088952995638,191,23,71.66022593917262,1091.1005087383926,67.35019854414446,108,86,424.81319446961857,666.2873142687745,0.3893437782013479,14,28.280055277178704,0.02591883612067792,371.4286796447564,117.63297239052686,389.84379811370314,214,-24.289727501043583,-752.9815525323511,126.93643574649596,0.0,-17.059823361667508,-477.6750541266902,142.89616386830076,0.0,-14.630016437435865,-453.5305095605118,79.85660786004703,0.0,-2.8699943813196453,-86.09983143958937,8.745151386760963,13.894842992534183,3.4000153572328857,105.40047607421945,145.42927568910758,40.665490785063206,10.12986496937319,303.8959490811957,40.55349820765936,76.71411319755333,15.599970263396461,483.5990781652903,39.29110683929673,103.00959782928771,15.099973251426054,468.0991707942077,108.11336995285231,83.95599059315428,9.499974915766838,284.99924747300514,62.23293054000375,43.06101186380215,0.14018113716557976,4.345615252132973,138.8762686234161,10.05162595984873,-13.54956062722785,-406.48681881683547,125.32766883126743,0.07600642351282252,-19.95989010145297,-618.7565931450421,72.8420311931847,0.0
1983,-2.5057467009605388,-31.118715100948318,23.876216538300184,192,25,66.23152462824277,1209.7316199403745,98.85618092639605,89,79,520.8170246964931,688.9145952438813,0.4305227838238727,16,24.941657885335736,0.02061751340067069,399.118123239383,162.99026507852562,419.5797126906118,214,-19.679526437412257,-610.0653195597799,167.0489728915977,0.0,-24.459822232377523,-684.8750225065706,6.410353164872963,0.0,-12.299933013523182,-381.29792341921865,56.14468900521687,1.0415483493306459,-1.229964843053428,-36.89894529160284,82.52387787259278,14.11460286718209,3.829888715227192,118.72655017204295,7.994666101990388,42.918655278837726,11.140154800500268,334.20464401500806,10.980889217603464,81.80584658036368,16.570100606494616,513.6731188013331,20.563216071885414,107.74612028871199,16.770063977169745,519.871983292262,40.297268474861575,91.33647062544208,12.170075072589116,365.10225217767345,122.87238278782881,50.725864233887194,-0.6599358307579029,-20.45801075349499,350.64431681899225,9.382567333267861,-12.729971395329441,-381.89914185988323,288.84327623559193,0.04644768235975652,-20.989733255431247,-650.6817309183687,55.40771129734016,0.0
1984,-2.229726187204009,-30.70246303192277,22.826078581199738,192,24,66.41935640620522,1117.8965588172468,42.047315053763036,109,85,481.96049697017287,635.936061847074,0.43113156863108615,10,47.514695235936124,0.04250365998640112,392.893261603314,126.63825250962141,400.3561454703164,211,-21.459807004953763,-665.2540171535667,45.7701636009984,0.0,-20.25974841503215,-587.5327040359323,198.0731561688497,0.0,-12.559860121591372,-389.3556637693325,106.84007809966478,0.1363787460048052,-3.2701047318465157,-98.10314195539547,11.398270567493439,12.543604951330963,5.7299074675070685,177.62713149271912,4.2847900136468855,52.62677142911793,13.900083204468007,417.0024961340402,59.924865726125866,95.72246604134888,14.929917555077237,462.82744420739436,135.59556481736337,99.09520645664693,14.229841081624754,441.1250735303674,82.99812665131408,79.78714172421381,9.20005208846472,276.00156265394156,91.29031528910946,41.95257884908079,0.41017715326162185,12.715491751110278,178.46929895144666,10.616203790955344,-8.259821751376201,-247.79465254128604,123.10377895530945,0.41290961461458875,-19.849638865507192,-615.3388048307229,80.14814997592485,0.0
1985,-3.130709390564724,-33.80126654418848,19.900817876094834,188,16,52.73669649953081,800.9572680198658,60.66412566331585,104,65,360.14474706291935,440.8125209569464,0.44964289787053513,11,21.652123681438013,0.027032807549105087,375.36509718101416,91.93316376007749,309.5351729430509,202,-26.719647989526205,-828.3090876753124,30.12609289620483,0.0,-17.559853533079092,-491.6758989262146,99.05618504103168,0.05248560999840506,-12.029812348426944,-372.92418280123525,36.117279419568725,0.5284761148781382,-0.8999756714602029,-26.999270143806086,58.83296784736408,17.375982892276802,4.500071245217047,139.50220860172846,82.06989967242285,46.17271411580667,8.899999808522681,266.9999942556804,19.604225746465577,70.43846025689557,15.199943739759279,471.1982559325376,42.79488446929547,100.90022957650416,14.899986150092088,461.8995706528547,53.330215494906156,82.8166929786251,10.029909755808266,300.897292674248,70.89468681792592,44.72585583601957,0.9700805934810286,30.072498397911886,95.38044853148209,12.33172492721675,-13.61964815213467,-408.58944456404015,70.15937484642225,0.0224748727929358,-22.089705289047636,-684.7808639604767,142.59100723677616,0.0
1986,-2.5184017333652338,-35.095295592642145,22.81343684074625,191,20,70.84283051877776,1148.1986851441789,48.22034435981946,100,84,387.69601876440043,760.5026663797788,0.3376558637285999,17,23.820255839985254,0.020745761293912434,404.54421154495145,138.26092907111237,377.17090022158084,211,-25.489762950652857,-790.1826514702385,75.25317749838518,0.0,-18.359801745668893,-514.074448878729,64.38884889627893,0.0,-12.629883553939923,-391.5263901721376,5.046535560612223,0.19900698257570174,-1.7999990271724111,-53.99997081517233,98.10179850303808,15.275492459581612,3.9000005311180694,120.90001646466015,63.1571842554901,42.8860773801958,13.000000475366027,390.00001426098083,16.175523625719112,91.22691329857385,16.799998668134613,520.799958712173,16.11319458345403,108.97419269566564,16.140190797854974,500.34591473350423,129.48737228344973,88.32082673610144,10.800083014654343,324.00249043963026,109.48063266538612,46.60093525179249,-0.42982848247353067,-13.324682956679451,194.33964680680705,10.319617345330402,-9.88981391913747,-296.6944175741241,214.69812300210967,0.7411493951345309,-23.07943436845734,-715.4624654221775,161.9566474634489,0.0
1987,-3.692352569235489,-34.48726002061352,20.059821394856268,204,25,93.05724783282221,1041.9496970255605,76.21469185299429,94,85,350.588690417494,691.3610066080668,0.33647371981422397,16,82.23389504105504,0.07892309511275546,344.63698101184036,154.66100397461318,459.7813683596968,222,-26.859890985791893,-832.6566205595486,21.192404056705264,0.0,-20.359869883589223,-570.0763567404982,111.36349846895742,0.0,-11.959852819369717,-370.75543740046123,180.0495551447711,0.0,-4.340167402482719,-130.20502207448158,74.90078236784092,9.604435285611926,2.259763208244573,70.05265945558176,124.27810291250275,35.32365576859335,11.059824544902222,331.79473634706665,45.60283846446394,81.36016938473904,12.470040358888763,386.57125112555167,55.83321337993032,87.18357369039983,13.499958388895097,418.498710055748,35.06672092495569,77.37326460475428,9.099981393684862,272.9994418105459,70.19606681898162,42.01175690514487,0.5700738381478401,17.67228898258304,81.65902100738704,11.587624379977653,-12.559836488710555,-376.7950946613167,141.49114615780687,0.1925009926193858,-18.219653035862102,-564.8092441117252,100.31634732125767,0.0
1988,-2.642630527898183,-30.819606157341184,24.98665900005716,184,23,82.14819389562456,1218.3255231486673,64.08756431045653,83,88,521.7715730011626,696.553950147505,0.42826942642774535,12,37.45158582620703,0.030740212787643426,401.6117602539252,136.2776059130153,430.40117860975334,202,-22.459837635873193,-696.254966712069,144.85902414735446,0.0,-20.729838284986446,-601.1653102646069,122.86434692451037,0.0,-12.900025821265697,-399.9008004592366,85.74817031429511,0.0,-2.2701176945711796,-68.1035308371354,30.908129321138762,11.555526891142478,4.0597583472545855,125.85250876489215,105.51519080970795,44.4445317331361,12.5999545279534,377.998635838602,26.571342579189533,89.25238560265657,17.699978792373333,548.6993425635733,17.07053815556855,112.79282748866015,15.329857143779906,475.22557145717707,150.63607550571007,84.73890862609507,10.329894426937347,309.8968328081204,159.50299913963508,44.52634959385125,2.37001512412502,73.47046884787562,122.01267980632676,14.301230318383503,-12.9897788453033,-389.693365359099,170.0985802400236,0.0,-23.32994064060748,-723.2281598588319,82.5384462052073,0.0
1989,-1.2040868161069989,-28.97103095497121,23.57342778883651,200,19,37.23492057397635,791.155677855212,48.412451692257754,81,87,313.3217589856372,477.8339188695749,0.39603047510831063,10,59.07413323770991,0.07466815304651199,396.5592418661165,77.36322272800345,215.8386195771901,218,-20.88976189427815,-647.5826187226226,27.590360692868593,0.0,-16.100090754108745,-450.80254111504485,22.297487291300733,0.0,-7.629904062528341,-236.52702593837859,46.57542469757926,2.4962448298982425,-2.1701175099824375,-65.10352529947312,19.425541960267864,11.685463223264478,2.2299538023043968,69.1285678714363,137.1025285499939,35.30002423008185,13.799958099502238,413.9987429850671,3.1470406768734613,95.26389407766395,16.489741280647493,511.18197970007225,105.6780627086353,107.45888536629744,16.42990436034271,509.327035170624,50.36662340297592,89.68146355512417,9.629866795296511,288.8960038588953,56.15541477554787,43.489011302992985,-7.514154178849478e-05,-0.0023293877954433384,103.58865782285929,10.77449510840382,-10.559857827022098,-316.79573481066296,80.8793536247512,0.35552474611284757,-16.61968523197331,-515.2102421911726,138.34918165155864,0.054235426276706196
1990,-1.5239731095437694,-34.731249849350434,23.19547394726152,176,19,52.720771900140676,906.2435122453883,69.6678007503907,104,57,476.834558974152,429.4089532712363,0.526166038742396,8,19.92424376825676,0.02198552982618403,406.6172064469894,99.85011004621605,305.5777751391361,191,-25.219737677644478,-781.8118680069788,18.605865449546037,0.0,-18.570114207348357,-519.963197805754,98.60593653006565,0.0,-8.14016990459534,-252.34526704245553,25.399858594377918,1.7978229940832318,-0.4401629710664622,-13.204889131993866,67.26793255927832,17.94668071371416,5.859783358510462,181.65328411382433,43.988257286566494,52.959701676290194,11.099988333191702,332.99964999575104,50.72069673989432,81.66165669731623,16.429887312230075,509.32650667913236,159.2580156442872,107.45387180238008,15.22996128904434,472.1287999603745,77.19378565333508,84.25680176648837,9.770000329230742,293.10000987692223,74.48741054691114,43.86267294742677,3.7700845758802957,116.87262185228917,78.52809023150888,16.665438587307545,-11.729984834251944,-351.8995450275583,88.55637712573001,0.012559261982915388,-17.51955775635582,-543.1062904470305,123.63128588388719,0.0
1991,-1.7027093488803449,-27.52075772639336,20.197749185395647,193,24,94.37844596546904,1374.1071402460718,48.237094630287295,105,88,524.4787011375935,849.6284391084782,0.38168690473704336,13,81.28119628627714,0.059152007806117284,359.3170200218024,174.6225691251887,489.90249456668676,207,-13.859813169669414,-429.65420825975184,211.35660586959736,0.06511530914650812,-18.929883194219038,-530.0367294381331,197.3975381060431,0.0,-16.07009065378432,-498.1728102673139,36.44747740168278,0.0,-2.240210190402299,-67.20630571206897,85.87891353182762,10.866549930398685,3.7898479473793327,117.48528636875932,98.54057966180949,42.841793979992886,9.230002054020106,276.9000616206032,93.1480341700211,72.13062947127617,13.899966535819537,430.89896261040565,28.617279349273133,94.4107434185895,15.200016689098295,471.20051736204715,113.03642778465738,84.45578809357872,7.929964728546575,237.89894185639724,92.39079479606902,38.35763877476542,2.240184097010164,69.4457070073151,111.58796798225028,14.543690187365941,-7.159812013118473,-214.7943603935542,179.16424822802117,1.5810597548384413,-15.659805648259175,-485.4539750960344,126.54127336481932,0.06401110185015108
1992,-2.575831327164972,-27.697078890653874,21.507994805680028,189,22,57.95865809621853,897.9653031727634,56.762036757065744,111,77,384.86209076952804,513.1032124032353,0.42859349844554384,18,44.4611093044702,0.049513170661913804,372.06746462914737,113.64032932359683,314.0075047514121,205,-21.619719541661578,-670.211305791509,15.166501953962333,0.0,-17.65976333600418,-512.1331367441212,85.30867786302203,0.0,-11.900059300434227,-368.90183831346104,40.825992347899756,2.678030054845355,-3.440120142166154,-103.20360426498462,60.93036759219085,10.434829291149367,4.559811439085658,141.35415461165542,83.67480466358643,46.96440722997498,12.299927872467473,368.9978361740242,16.330939686230707,87.7722623568588,12.629894802144758,391.5267388664875,105.13084765758957,87.976257880316,14.329906443387655,444.2270997450173,57.726278931568174,79.99987092521462,9.19999653796704,275.9998961390112,90.26020476548784,41.79634253939752,2.399960902086119,74.39878796466968,58.35702742551015,14.18224665446976,-11.829949874924667,-354.89849624774,121.34922919222403,0.2632176969210136,-20.319690254239777,-629.9103978814331,162.90443109349138,0.0
1993,-2.5003083507809856,-28.273857247196986,21.130140424496744,195,11,43.11665688407862,765.1368407220178,59.45641501330439,86,73,340.7581887476855,424.3786519743324,0.44535587702995794,5,58.02089584968202,0.07583074394239189,371.30617589611165,89.72127581756195,259.7226710753082,204,-21.659922635910178,-671.4576017132155,33.10975288130416,0.0,-17.070053451542854,-477.9614966431999,21.26348571024018,0.0,-12.17011470386664,-377.2735558198658,48.26079773602692,0.1218144284109129,-4.080277715760468,-122.40833147281404,42.35096966359425,5.454359664948496,4.1897268896898385,129.881533580385,19.787644263601944,44.572495899125904,9.199982496460196,275.9994748938059,61.36453136329361,71.98421775838636,16.999992912046395,526.9997802734382,5.688735698020154,110.03393396997276,13.92999093961869,431.8297191281794,95.38916256525991,79.27371432901731,10.499974690080402,314.99924070241207,60.18543879019748,45.875175253160386,2.0701214799361214,64.17376587801976,134.54658491852462,13.856695838476426,-13.429875773584653,-402.8962732075396,96.71090086976852,0.12451183439522119,-19.499961407569938,-604.4988036346681,146.47883626218612,0.00925692021783888
1994,-2.631238200104538,-33.92487329303782,23.528159540480203,203,18,95.17639001519666,1229.855064302606,64.62793919886956,99,98,417.92031375045144,811.9347505521544,0.3398126542556742,12,81.31696205431354,0.0661191423400973,367.409958264948,148.38507644254713,472.76978764161163,217,-27.329889313270797,-847.2265687113947,87.1582945348605,0.0,-16.029914261385617,-448.8375993187973,169.5113827552185,0.0,-11.929906220083463,-369.82709282258736,102.42459113725246,0.0,-3.7700349398123705,-113.10104819437112,98.33298357994987,6.435400895296347,2.359848513499366,73.15530391848034,157.64696731794697,36.06329514465951,9.629800908115946,288.8940272434784,88.1660521573401,74.11908319787334,14.270060669807215,442.3718807640237,127.17773389660991,96.1098105308515,17.429886220198973,540.3264728261681,43.1577934675589,93.4504772730031,10.629888453369484,318.8966536010845,66.06046898539527,45.73133137859889,2.5999012451430725,80.59693859943525,28.240643681723768,15.220582732578563,-11.159843749642489,-334.7953124892747,74.37417205463645,0.2756106806944976,-19.059858014658065,-590.8555984544,187.60398073411315,0.004366431392230726
1995,-2.411018996838259,-30.302523066296263,22.32303261840849,188,17,98.22475132818244,1295.1286447822354,69.48636720102046,109,83,493.35432577626966,801.7743190059656,0.38093074982464226,11,71.93942118759911,0.055546158659547755,371.58904504879985,161.9660251336332,490.75436993795455,199,-20.629938655223963,-639.5280983119428,152.8977978200659,0.060237363203349895,-16.799916825829804,-470.39767112323455,41.82753333862856,0.0,-14.229961868925157,-441.12881793667987,63.17272109356568,0.43215930925152174,-4.3700615815211075,-131.1018474456332,127.85557630644522,6.6569620343346125,4.4598072051293265,138.25402335900912,116.25224106541215,45.58862913600951,11.159761350517922,334.79284051553765,80.20774784942458,81.8851127849043,14.359864947775286,445.15581338103385,123.86178914974913,96.95802829509017,14.499969831549846,449.49906477804524,96.39740336446125,81.58070780110148,9.329907468296138,279.89722404888414,70.17751207656659,42.106609517549515,3.199935703783766,99.19800681729674,32.18197377048394,15.655548615459992,-11.359813818492954,-340.7944145547886,206.4190987834847,0.41462872953424273,-19.47961475398371,-603.868057373495,183.87725016394762,0.2504214623611809
1996,-1.842009724508537,-32.13015683016266,22.41712046176116,185,24,96.94158227963646,1316.9398910043296,131.9994037188818,102,94,461.23652457865734,855.7033664256722,0.3502335434815536,7,7.480894287776324,0.005680513088620329,389.3796011432423,199.40059870768056,553.1733748666362,204,-21.85983755979829,-677.654964353747,184.142207672273,0.01021062099623451,-18.359938350964214,-532.4382121779622,97.15492878719857,0.0,-13.59989727182516,-421.59681542657995,20.404066693623577,0.0,-3.3402595554228847,-100.20778666268654,96.69029458584646,9.21382190686104,5.159748691485752,159.9522094360583,39.76054031838659,49.20802175085759,12.029843495888962,360.89530487666883,37.0678760336312,86.41288035928594,15.629874405287648,484.5261065639171,114.685862736048,103.02403614753642,14.629897014256166,453.5268074419411,33.63586691912919,80.96121843131073,11.199979904627513,335.9993971388254,101.66262515376206,47.101198705160115,1.0000115717664908,31.000358724761213,122.57795457819402,12.246200621614548,-8.359826582851685,-250.79479748555053,402.5089528893768,1.0953338429582793,-16.689779588573305,-517.3831672457725,66.6487146368601,0.10667875666137402
1997,-2.060854195084005,-34.14269364782305,23.280174694987238,180,25,78.2039384028447,1077.2267300446738,60.7828596090512,92,89,393.7493456403567,683.4773844043171,0.3655213286659044,5,12.94807881944105,0.012019826892806567,376.6737829327339,108.33534190321606,416.3863648766661,202,-16.389805789476448,-508.08397947376983,179.66895969265207,0.0,-18.429913292325434,-516.0375721851121,9.907549700932913,0.0,-11.659806092543015,-361.45398886883345,252.43033465788474,0.10289400629507384,-1.010232906078907,-30.30698718236721,58.40251542529616,15.516335241252241,4.529910568005059,140.42722760815684,29.794574944024614,46.395922615372285,11.029926004529436,330.89778013588307,56.626213476917975,81.23516631562127,14.129945645538843,438.02831501170414,43.81651111834241,95.32283936749877,15.229838017497624,472.12497854242633,65.85936597522392,84.25468129410179,8.129892992520977,243.89678977562932,52.54153941204188,39.00549162485558,2.6700401388272654,82.77124430364523,165.7144846880954,14.691548371968583,-11.059817373769098,-331.7945212130729,100.16086410697491,0.14890409576835012,-22.989711859998355,-712.681067659949,62.303816846287,0.0
1998,-2.0354552019769283,-36.57726020663128,24.42269542115969,191,19,50.092384205744224,780.1927398448458,60.564065264521226,72,79,202.65581188946922,577.5369279553765,0.2597509583718642,14,48.992118208933,0.06279489119403481,405.99693062357943,82.82120275881618,309.80556754477686,206,-24.889776096669845,-771.5830589967652,133.02731003094948,0.0,-19.799957799272114,-554.3988183796192,37.75052707609191,0.0,-10.599965500827592,-328.59893052565536,129.60811062652095,0.8754672556600089,-1.8101757843285042,-54.30527352985513,14.560363870464355,15.280197824314858,3.729923704985932,115.6276348545639,158.33230442049188,42.384126947560425,14.39999314601591,431.99979438047734,16.163387837541435,98.36628643791784,16.999939694459428,526.9981305282423,1.4154532020601827,110.12409009650207,14.329881943250673,444.22634024077087,7.3560942274791765,81.04567196167268,10.200086309203128,306.00258927609383,16.698536728335643,45.182935289822225,1.2700325181455825,39.371008062513056,105.6820149448492,12.133450273242604,-9.699980541420897,-290.9994162426269,37.68476014530983,0.6047045368867193,-19.589714464184418,-607.2811483897169,121.91387673475167,0.0
1999,-3.6531193366466876,-33.003099580242804,24.345022249469253,189,22,46.67055082768445,1321.0937583447549,72.92209050504371,99,80,625.940494187109,695.1532641576459,0.4738047471902161,10,42.27458998307721,0.031999689436156706,380.7584481065388,91.85547693088797,323.97279268092336,207,-20.1897840664795,-625.8833060608645,138.86944441775216,0.0891788082798747,-22.90003807188494,-641.2010660127783,89.49469144137223,0.0,-17.259812543440763,-535.0541888466637,58.71329518051743,0.0,-4.240120160934373,-127.20360482803119,75.42883379409376,11.029756132737937,3.3298874544482184,103.22651108789478,98.10725414183952,40.46808085219821,10.799954955333108,323.99864865999325,182.68669418704582,80.13721429275866,16.729960911776654,518.6287882650763,47.55946881805323,108.95197002423014,14.799943860549336,458.7982596770294,119.95017805555186,83.49082276625111,9.329930377860405,279.8979113358122,54.746198005774424,42.800324402708696,1.670144901238955,51.77449193840761,200.01506175935447,12.874034504568531,-14.049656645587563,-421.4896993676269,187.15633551043288,0.9170663228056961,-23.189719474977103,-718.8813037242902,68.36630303296707,0.0
2000,-2.234702522658369,-29.15308330596264,22.217696535994435,197,17,76.72721016526475,1205.1316616679976,54.202240554442355,97,88,418.1638321154224,786.9678295525753,0.3469860144049743,3,17.13221761574276,0.014216054693999504,381.6506905715953,151.94864528992875,437.9572515110889,211,-20.819751953696088,-645.4123105645787,80.08813286920265,0.02927416214092605,-17.88978779249367,-518.8038459823165,55.24748724028685,0.0,-14.14016949180707,-438.3452542460192,90.31601972547794,0.0,-2.7102885592038546,-81.30865677611564,16.152613917174985,12.179190282582574,4.5596840559826814,141.35020573546313,161.28679271892278,45.90026428390129,10.40004228012514,312.0012684037542,86.63077561647748,78.06985317358027,14.399986699327659,446.39958767915743,120.54384766988451,96.58155178571818,16.329946158403548,506.22833091050995,30.0646572435827,88.56575432711641,11.929912554559158,357.8973766367747,61.61902527791623,49.505335184212335,-0.12991541414276472,-4.027377838425706,92.09041449804059,10.479621205407653,-11.929954268804483,-357.89862806413447,148.9226095908017,0.3398461669357453,-17.289736102807442,-535.9818191870307,262.16928530022915,0.0
2001,-4.01898174481197,-31.48786584709751,23.316453263903494,201,22,90.57751904639792,1022.8173338193133,61.382687994689434,80,80,280.7920796357197,742.0252541835937,0.27452808077392565,13,23.76813011964729,0.02323790312674352,354.8947237842012,157.8067641120533,492.98182621665313,223,-21.459874290900153,-665.2561030179047,179.3344906244552,0.0016457522789561946,-23.929934338701976,-670.0381614836554,10.166881401713198,0.0,-11.329957349614366,-351.22867783804537,175.44736825637176,1.0980565448827946,-3.8401310036310976,-115.20393010893292,123.71008473505765,8.104859671923123,3.329943029675284,103.22823391993381,39.96249949904348,40.500960563013926,9.60005701912316,288.00171057369477,33.70298654159715,73.95586698662015,13.829840436383028,428.72505352787385,20.53899939363499,93.81487790557247,15.600017256632462,483.60053495560635,75.67220051568972,86.72662117345978,7.829899149013909,234.89697447041726,96.36089192557901,38.65977521086415,0.6298714188680639,19.52601398490998,51.944569993974355,11.746124295600419,-15.25985650461711,-457.7956951385133,99.29291740907925,0.2859356799854527,-24.68981582908881,-765.3842907017531,116.68344352311746,0.0
2002,-1.8756014248870558,-28.344018713195172,19.49003670786476,183,19,98.659515383278,1171.4502598899007,67.55262307927181,94,75,351.0449945330457,820.4052653568552,0.2996670081118415,9,14.599733307381964,0.012462956223812802,381.0396886188767,180.60561134962074,550.9102636696024,199,-17.92991371912481,-555.8273252928691,267.2129084409693,0.028258604340475203,-15.17015457632357,-424.76432813706,142.7778802260606,0.0,-13.070036023223302,-405.1711167199224,25.09631352516269,0.7805299140032396,-1.6401931586672238,-49.205794760016715,72.60792522518638,14.379115207650965,7.3598937049972255,228.15670485491398,15.351527572266214,59.93030941262627,11.059873754318225,331.79621262954674,67.72315153887921,81.38608592452204,13.65975703024141,423.45246793748373,35.4607507766377,93.19397179499458,12.859827166919821,398.65464217451444,67.62533450953798,74.09382591025035,9.759898435164837,292.7969530549451,56.59418543877643,43.69669401573826,1.7700758846861246,54.87235242526987,121.33869754058321,13.439044536250146,-11.400015154498094,-342.0004546349428,73.38461309867046,0.11185329850037973,-20.55983334244001,-637.3548336156404,226.27697199717073,0.0
2003,-2.59608802501362,-30.52978794893909,20.320412568959966,190,20,79.40009002921119,1174.4155601518978,59.58035510950715,105,75,505.692292735628,668.7232674162698,0.43059059322257465,11,32.24238864377757,0.027453986253049453,383.32096774211703,172.80587503494257,446.18268892122467,203,-22.85981453298512,-708.6542505225387,159.8499617161541,0.0,-19.93001249468845,-558.0403498512767,53.8279699957872,0.0,-11.040199519603847,-342.24618510771927,35.04016942952338,0.3453344571019709,-1.8504314296729092,-55.512942890187276,39.129959288362315,14.300451775545888,3.8597972698447878,119.65371536518842,34.28579307404392,43.43024746162582,12.359809614426846,370.7942884328054,68.65008148276435,87.97649299295276,15.700009258683094,486.7002870191759,9.474829479183345,103.54411741497643,13.529886913443775,419.42649431675704,112.780298283879,77.04824531122642,9.359826724796058,280.79480174388175,125.22381598706504,42.30271034054623,2.2701062831747385,70.37329477841689,144.30211943508465,14.030529002268121,-11.029908854011286,-330.89726562033854,292.738689068014,0.34283898587344,-22.579484412714056,-699.9640167941358,99.11187291203647,0.0
2004,-2.8050833244951106,-28.023478852039318,21.020674759965967,194,19,49.8622096005754,1241.3110561603426,52.39125042979005,106,67,665.4250646934913,575.8859914668516,0.5360663319569572,13,28.694792533202914,0.023116520545593492,358.9001340402008,80.14120290656015,291.65086255267084,211,-21.18977221103647,-656.8829385421305,35.10240665538477,0.0,-20.929932939955947,-606.9680552587224,9.01298203967288,0.0,-10.929848699891382,-338.8253096966328,172.9063227927618,0.33755053435474164,-3.7102862391463116,-111.30858717438934,88.38090474755239,9.528712447058549,3.529871356012754,109.42601203639538,69.26975731106793,41.61599395755443,9.759915145474821,292.79745436424463,183.21842592269294,74.7801185942392,14.559857069005968,451.35556913918504,59.27145369993981,97.29387697862789,13.429943736252854,416.32825582383845,179.80100173750307,76.38121127947178,11.229822099375186,336.8946629812556,77.847134068578,46.752556505147524,0.9999654238798272,30.998928140274643,201.57595273900225,12.126678976368861,-12.059835910002398,-361.79507730007197,118.17014401687268,0.08343476737777829,-18.989722944466397,-588.6814112784583,46.75457042931414,0.0
2005,-2.5156384253475648,-32.873293214035925,23.275994774017306,209,18,112.2293314197592,1201.2049841927424,66.6789963695254,96,83,265.5518313698061,935.6531528229365,0.22107120338687866,9,41.01188425888875,0.03414228611984188,378.1682740910016,214.73632082477295,622.6893624646531,226,-23.94013410657257,-742.1441573037497,273.11447072911045,0.0,-19.52990687278142,-546.8373924378798,218.12551748023793,0.0,-12.029956295699934,-372.92864516669795,129.15803440303586,0.0,-4.140183256252644,-124.20549768757934,25.189126742312364,7.188645786310476,3.1298273623932813,97.02464823419172,46.263778019923045,39.91854618258997,11.429891060643035,342.89673181929106,55.80536706682975,83.36141806416397,14.829925879025934,459.72770224980394,24.996036956374827,98.84931993756086,16.329957414147643,506.2286798385769,59.052111741659,89.5265613734295,11.229893643923443,336.8968093177033,56.93925657776143,47.518514676921065,0.469989227657304,14.569666057376423,70.41927531705392,11.10769919297421,-7.999969860268559,-239.99909580805675,87.02157299332194,0.6975688770515042,-20.949595947252867,-649.4374743648389,155.12043616512196,0.0
2006,-1.9928631496640967,-32.91496212687821,22.839049440106464,200,25,113.70057512541831,1596.430990473329,77.73245593303757,88,108,509.6892771005175,1086.7417133728115,0.3192679671981303,9,49.1026213813751,0.030757747547118568,395.5419467512849,237.34266815231268,660.4716657997885,223,-22.31968481419657,-691.9102292400937,220.38054555405293,0.0,-21.95985091540393,-614.87582563131,142.82398252710504,0.0,-13.400057271095273,-415.4017754039535,119.28551826060387,0.0,-4.070083448175954,-122.10250344527861,40.38927059562094,6.869027901360795,4.759804033454371,147.5539250370855,55.22616890154292,47.61533307391639,12.170039138770598,365.10117416311795,42.67560338576643,87.0703118839493,14.629925974941546,453.5277052231879,81.32748098908914,97.92531491171128,17.700022307888943,548.7006915445572,210.4418449300114,94.90541315168082,10.700048932415962,321.00146797247885,85.8931262145338,46.25615145238692,1.0700928981284414,33.17287984198168,126.48002623081955,12.755115083355811,-7.6299358299735225,-228.89807489920568,208.58061415497883,1.9295214592494692,-16.87949950935373,-523.2644847899656,262.92680872920437,0.2157578336740994
2007,-2.521932338487178,-27.59515218586006,21.14737310575606,195,21,64.50045255350744,1001.8525831658819,59.42650339014807,85,70,506.8129971959069,495.0395859699749,0.505875820167438,8,28.07090472937767,0.02801899720682741,378.1431401197492,112.44811238659678,338.44506351062233,216,-20.75985310564236,-643.5554462749132,6.601441711821915,0.0,-20.529890643199785,-574.836938009594,30.100138534049584,0.0,-10.529916756790122,-326.4274194604938,165.9796768103044,0.14364824019479466,-3.6701375592662355,-110.10412677798706,48.75814633731441,7.226299645888712,3.959812066164582,122.75417405110204,61.21334068140288,43.42602909207441,11.82988622738694,354.8965868216082,61.76044316729325,85.14272086882784,14.329952273551394,444.2285204800932,69.69508090444954,96.69523442153444,15.829935670527608,490.7280057863558,148.46441095000992,87.38839876797965,9.659778377028074,289.79335131084224,72.55584287051269,43.71123070009502,2.0000196026856214,62.00060768325426,127.56095511893083,13.826358109938166,-11.299964774837372,-338.99894324512115,191.4492916897253,0.5832202732161401,-22.289795997192414,-690.9836759129648,17.713814390067192,0.0
2008,-1.5199251421610795,-28.256735704379878,24.98501951521547,195,17,84.09438065190369,1177.531934566423,71.74352270344771,92,70,375.09952925377024,802.4324053126527,0.3185472242770936,8,23.393505532124323,0.01986655719934934,394.90601090709583,136.7482949276235,420.6190871960108,207,-22.659878353557794,-702.4562289602916,109.82777997660978,0.0,-17.000064412369223,-493.0018679587075,118.06036264439709,0.0,-6.229935878911564,-193.1280122462585,97.03543316951655,1.86617132245753,-2.6401960343885604,-79.20588103165682,108.61905533259586,11.011633766599621,4.129933460071477,128.0279372622158,84.89300570734387,44.580870666127666,12.729937098569417,381.8981129570825,77.26093580278523,89.81163514073965,16.199982678856987,502.1994630445666,32.35347037726864,105.5623570212881,15.229938395458454,472.12809025921206,42.631239742950456,83.43811301905525,10.200033247910856,306.0009974373257,121.47828909421666,45.00909536005783,1.89998371957446,58.89949530680826,128.78027438751258,13.259958205922732,-10.629888201194355,-318.89664603583066,186.29949315439816,0.36617640484747743,-19.95993748598127,-618.7580620654194,70.29259517682797,0.0
2009,-1.8678855182846668,-31.193647202868988,21.57546708407466,185,23,111.98338991973901,1401.3881190868774,81.3764678675904,106,79,486.66396841706916,914.7241506698084,0.34727279458753496,12,58.749095970669806,0.0419220736714607,395.5286579372089,200.39445248921524,627.4501369174552,207,-20.85985682082732,-646.655561445647,124.5442709116506,0.015905775691434382,-21.659808672575704,-606.4746428321197,29.062427426423397,0.0,-10.159878286541643,-314.95622688279093,214.0048957651371,0.29613294984160154,-1.9401768467527973,-58.20530540258392,93.13654300679306,11.831999851601294,6.0299113556460116,186.92725202502635,49.81541371834582,53.65028540766748,11.540213071114712,346.20639213344134,45.9100500888404,83.81653432687823,14.829853596401994,459.7254614884618,28.17891120066291,99.21829808574698,15.200072926210414,471.20226071252284,138.94255614615636,85.0019320207619,10.329874830690077,309.8962449207023,118.06486731303919,45.5170545765877,2.5000153589334344,77.50047612693646,100.78317308734859,15.315998636569626,-10.019662384287026,-300.5898715286108,224.1583023864993,0.7542774517841305,-19.559828822233683,-606.3546934892441,234.78670803598084,0.11023885407856285
2010,-2.6232051369872407,-29.69866576182321,22.01185714664689,197,24,91.21003318382412,1493.2581216185074,55.7097285636302,95,93,600.8235613893264,892.4345602291811,0.40235747101653657,9,33.083159798549936,0.022155017487995896,383.19275362805166,189.46481662860737,551.1643541774502,221,-19.419696340397614,-602.010586552326,107.78094740773227,0.13065620935878333,-20.329917993639608,-569.237703821909,173.3174475381402,0.0,-14.900002432932611,-461.9000754209109,48.137822999470885,0.0,-6.310248833374989,-189.30746500124968,102.55452480770823,6.181943194703416,3.699948820810769,114.69841344513384,79.65768454564282,42.501128975389506,14.599967918057768,437.99903754173306,50.131936188974734,99.37275460616183,13.600034581086057,421.60107201366776,144.36293089555988,92.79823257494562,15.529962124552556,481.4288258611292,93.9637252521336,85.381530888012,9.559955994510908,286.7986798353272,189.0205177191786,43.80852491278756,1.1700149901380044,36.27046469427813,116.2047003629927,12.623543862767944,-13.699993798965062,-410.99981396895186,90.6330789119452,0.39443840392500534,-16.219700762137514,-502.8107236262629,297.49280498902834,0.0
2011,-0.8202703185014538,-32.50163848321779,26.03869269588301,193,21,101.07472563478984,1313.246549965981,71.67097491232639,89,98,433.22963862939486,880.0169113365862,0.32989208206228865,3,4.995131677045706,0.0038036510944385138,398.0277769379256,198.35389998005192,583.575826876123,208,-18.1795081955368,-563.5647540616409,205.4157417848745,0.001437418449595358,-17.329959927820074,-485.2388779789621,151.11487417875432,0.0,-11.129969564899381,-345.0290565118808,31.72787877014148,1.4832406552284705,-3.040198453512128,-91.20595360536385,124.84589834360717,9.035092176758177,3.789726557114677,117.48152327055499,4.341586058848606,43.049454905476814,10.659794878756177,319.7938463626853,47.595433614642936,79.31812929789166,18.99998529794055,588.9995442361571,30.53149116531613,119.56880123181962,16.229866556313343,503.1258632457136,139.69765772812667,88.69821883560599,8.499984889926939,254.99954669780817,148.81360164727033,40.64505965089952,2.9700359263895666,92.07111371807656,74.43175596738385,15.138273024780027,-6.029897906074831,-180.89693718224493,149.5736616905653,0.8489682044088035,-16.449500788514012,-509.9345244439343,205.15696901644966,0.24110153660685213
2012,-1.6047481487131072,-29.033322806727966,23.02731757882157,179,23,92.98845906061996,1156.3297348366773,64.42452681716401,86,73,320.7636716551027,835.5660631815746,0.2773981002057412,13,30.222605080921713,0.026136666878319465,435.6038402834441,144.1532411823459,528.8365247357693,201,-20.019708947825183,-620.6109773825807,283.2427044555831,0.0,-24.12992903665041,-699.7679420628618,3.5838821047474716,0.0,-14.700034878050054,-455.70108121955167,100.58711342856415,0.0,-2.540157884803445,-76.20473654410335,106.3671907302157,18.929833893587002,7.670061028821563,237.77189189346848,29.768560892659767,61.74336567865923,14.229940164104422,426.89820492313265,4.004631403024275,97.46825954036899,15.129996846201447,469.02990223224486,18.16351455622503,100.41117968869199,17.670163804194456,547.7750779300281,91.83740795874529,93.9789839579819,10.870152147884658,326.10456443653976,74.56983963932694,46.31873287915667,3.270053082140552,101.37164554635712,113.43427189524341,15.859653287890847,-8.789770703006333,-263.69312109019,149.58729793099445,0.8938313571074707,-18.719717777144556,-580.3112510914813,181.18331984134764,0.0
2013,-1.6851535027470101,-31.330296681440192,22.210420891251488,189,32,134.65695059825686,1566.3574581471205,70.71922682652578,93,91,357.7682008658399,1208.5892572812804,0.22840776159041754,12,60.15503759219224,0.03840441227467387,408.73776489142267,217.46711036784237,767.4684944393581,209,-23.449544391736737,-726.9358761438389,137.56260529809458,0.0,-19.159901180575396,-536.4772330561111,165.57116440711192,0.0,-13.129967179901897,-407.0289825769588,255.71439098827608,0.0,-2.000073789299006,-60.00221367897018,245.7429658279419,12.24749641804443,3.629954748716271,112.5285972102044,59.08349926457093,41.911566943904425,12.87011630291621,386.1034890874863,42.989079312076726,90.4588421683206,17.270015149090014,535.3704696217904,50.825085771455356,111.21738970243062,16.570056515304255,513.6717519744319,77.25345808792959,90.86575206207365,10.800002407243964,324.0000722173189,34.7455017919162,47.00022371070113,1.3401614731894054,41.54500566887157,93.98880405443487,12.493125679902434,-7.189683727908679,-215.69051183726037,159.35843525333007,2.316117731120456,-18.779535386761967,-582.165596989621,243.52246808998228,0.22725047492484185
2014,-0.969543462931924,-28.771773027969346,20.787260812939508,183,22,92.05495691312245,1295.818660442414,120.2877951576335,105,94,356.5590110133845,939.2596494290293,0.2751611949249514,8,18.731623337352595,0.014455435709621057,410.1867838086964,164.1545303160267,543.1958212340735,197,-25.119679317068893,-778.7100588291357,36.924440246531354,0.0,-17.48975115536552,-489.71303235023464,113.03363466721504,0.0,-9.359855633730884,-290.1555246456574,158.43820348478977,1.4668289231190452,-1.7803883159669132,-53.411649479007394,82.42152966888203,16.118102596648434,5.629804705376409,174.52394586666867,83.36328387145969,51.47522059607823,12.20006798155171,366.0020394465513,61.39274495426852,87.10151300862982,15.570062263070806,482.671930155195,110.43035230902109,102.84902777273592,16.6000926728147,514.6028728572556,19.502894604128958,89.72957908878398,11.299948973212969,338.99846919638907,79.14542519226123,48.95839027499858,0.3700272633803952,11.470845164792252,118.21215469545602,10.690623788718378,-5.629954227706794,-168.89862683120384,186.87756630440654,1.7933795210896089,-14.879502403927994,-461.2645745217678,246.0764304439938,0.004118237894478277
2015,-1.3012016318989355,-29.19671933531868,24.555407314515147,197,27,112.93315678982668,1467.4681601658708,83.42904373078771,84,98,425.8364368914775,1041.6317232743932,0.29018444723416986,11,59.34369746972072,0.04043951281574176,385.0097415635388,251.3716012088015,617.303503415512,222,-18.889789841558144,-585.5834850883025,79.69872055952385,0.0,-14.859809482222149,-416.07466550222017,127.60771489171609,0.0,-8.2000160223379,-254.20049669247493,94.07418152742535,0.9642865539975172,-3.670065144517677,-110.10195433553031,69.59271064922144,11.602311641026217,3.4299577731167212,106.32869096661835,132.3816321646308,41.22884803201625,10.529933785252412,315.89801355757237,8.415264989417135,78.74128742922287,15.599955716842626,483.5986272221214,54.63087930423175,102.63173290229878,16.429951638196073,509.32850078407824,37.724562520121815,89.61641940142648,11.000046950888061,330.00140852664185,144.34347856500523,47.209209531298164,1.0700515170166833,33.17159702751718,237.36265466705322,12.61233317397424,-10.129893096811871,-303.8967929043561,202.03933902092166,0.4033128982782793,-18.819614167896095,-583.4080392047789,279.59702130660224,0.0
2016,-2.190219939862969,-28.59330554910301,21.695893266228552,198,12,57.02584917876038,880.1058695641811,51.90259334734579,91,73,510.6956431995746,369.41022636460656,0.5802661484946868,7,42.96916502052149,0.048822722931957434,394.2490328075557,103.79351247302041,271.7934597593609,206,-22.48972966506137,-697.1816196169024,28.12316653548872,0.0,-22.35981425205269,-648.434613309528,46.12792016708188,0.0,-10.529973414161898,-326.42917583901885,55.732211424565946,1.2143674287604949,-1.9401201507184282,-58.20360452155285,85.52084135376663,11.591068438990888,5.929910559864483,183.82722735579898,83.84220157335538,53.35377316800081,11.370066317374901,341.10198952124705,11.816601504293661,83.04495314590433,16.399993825352688,508.39980858593333,130.12595304789036,106.49900080955841,15.470145430747,479.574508353157,202.43037997475818,84.86374317336754,10.100051773928222,303.00155321784666,31.255196806723372,44.15010222249205,-1.0299824188276203,-31.92945498365623,58.87965726969369,8.85984597367538,-11.089761689677228,-332.69285069031685,57.55277428185408,0.6345601353620471,-16.85981503428551,-522.6542660628509,88.69896562470932,0.0376183114438018
